route,trend_slope,season_amp_pct,outlier_count,mae_holt,mae_sarima,quotient_holt,quotient_sarima
CLT → LHR,342.22,53.4,1,4893.9,5113.0,14.3,14.941
LHR → CLT,322.98,85.5,0,3701.5,2742.0,11.461,8.49
ATL → ICN,310.92,89.0,0,4710.0,1895.6,15.148,6.097
JFK → AUA,296.32,236.5,1,5071.4,5045.7,17.114,17.028
AUA → JFK,288.13,241.3,2,5370.5,4589.4,18.639,15.928
EWR → LHR,283.29,96.7,2,2320.3,12727.8,8.191,44.929
IAD → SAL,262.88,71.1,3,17691.7,8123.1,67.299,30.9
SFO → FRA,237.0,77.5,1,2125.5,5550.5,8.968,23.42
SAL → IAD,236.99,64.3,3,7608.3,10508.8,32.103,44.342
ATL → AMS,235.85,78.8,0,3754.6,6856.5,15.92,29.072
MIA → BOG,234.98,53.7,1,1982.5,7673.0,8.437,32.655
ICN → ATL,234.04,190.6,0,3988.8,4292.6,17.044,18.342
FRA → MIA,232.64,59.2,0,2378.7,2724.0,10.225,11.709
MIA → FRA,232.16,44.8,0,1926.2,2492.4,8.297,10.736
BOG → MIA,231.95,62.2,1,2578.0,6373.3,11.114,27.477
FRA → SFO,231.12,90.3,1,1829.9,3748.3,7.918,16.218
AMS → ATL,230.87,70.7,2,3072.3,7264.4,13.307,31.465
LAX → FRA,225.72,65.5,0,1384.1,3276.6,6.132,14.516
ATL → LHR,219.6,94.3,1,2576.3,7495.5,11.732,34.132
MGA → MIA,217.9,47.9,0,3487.0,4984.8,16.003,22.877
FRA → LAX,215.82,73.3,0,1371.9,3897.2,6.357,18.058
JFK → ZRH,207.63,95.2,4,4280.2,7884.2,20.615,37.973
BOG → MCO,204.94,40.8,1,5258.2,4029.0,25.657,19.659
BOG → JFK,199.7,80.8,2,2222.3,2152.4,11.128,10.778
MCO → BOG,197.5,36.0,1,4939.3,4061.6,25.01,20.565
ZRH → JFK,194.65,82.0,6,2326.9,7068.0,11.954,36.311
LHR → ATL,191.44,90.5,1,1934.4,5767.9,10.105,30.129
EWR → TLV,191.19,66.4,0,1382.0,6059.3,7.228,31.693
DUB → ORD,169.63,102.5,1,784.9,1321.7,4.627,7.792
TLV → JFK,168.54,91.5,2,2749.2,9892.1,16.312,58.692
MIA → POS,164.75,125.0,1,1997.9,3762.1,12.127,22.835
IAD → AUH,163.72,108.6,0,1700.5,3652.0,10.387,22.306
MEX → ORD,159.49,114.9,1,2302.5,2455.4,14.437,15.396
MAD → SJU,159.08,136.1,1,1553.1,3118.5,9.763,19.603
SJO → MIA,158.58,142.4,0,3756.7,8548.2,23.689,53.904
MIA → EZE,158.15,59.8,0,1401.5,1856.3,8.862,11.737
LAX → SAL,157.74,96.0,7,1669.6,5733.1,10.584,36.345
LIS → MIA,157.73,70.1,1,1328.0,2723.7,8.42,17.269
NBO → JFK,156.59,105.0,2,794.1,658.3,5.071,4.204
AUH → IAD,153.03,113.9,0,1575.2,2710.8,10.293,17.715
YYC → LAX,149.58,154.8,0,4562.0,2566.4,30.498,17.157
SJU → MAD,149.45,126.8,1,1533.9,1680.6,10.264,11.245
JFK → NBO,145.16,84.1,1,682.8,489.6,4.704,3.373
ATL → SJO,143.33,112.8,1,2856.6,1879.1,19.93,13.11
ORD → DUB,142.46,111.5,4,924.1,1138.4,6.487,7.991
KEF → SEA,142.18,262.0,0,3074.3,1537.5,21.622,10.814
IST → DFW,139.7,64.7,0,1031.3,1995.8,7.382,14.286
MIA → SJO,137.7,147.2,0,5302.5,7558.6,38.508,54.892
DFW → SJD,137.33,78.9,1,9537.7,11811.1,69.452,86.007
JFK → SAL,137.09,88.4,3,4621.2,6155.0,33.71,44.899
DTW → ICN,136.8,127.0,1,2380.7,4242.8,17.403,31.014
ORD → WAW,136.19,161.2,0,1411.8,1207.8,10.366,8.869
SJO → ATL,135.89,117.9,1,3044.4,2407.9,22.404,17.72
EZE → MIA,134.25,74.6,1,1675.3,3783.4,12.479,28.182
BOS → ZRH,132.34,159.5,3,3171.6,5881.7,23.965,44.443
EWR → MBJ,131.08,133.9,1,3465.3,4762.7,26.436,36.334
SJD → DFW,130.05,81.2,1,9979.7,10631.4,76.737,81.749
ZRH → BOS,129.75,126.5,3,2918.1,4968.4,22.491,38.293
DFW → IST,128.29,74.1,0,813.1,3259.2,6.338,25.405
YVR → LAX,127.44,139.2,4,911.7,1769.7,7.154,13.887
SAL → LAX,124.32,102.6,2,1270.4,4254.1,10.219,34.219
ATL → GRU,123.42,118.4,1,2721.2,11930.7,22.048,96.665
SFO → SAL,122.33,79.8,1,1309.5,1139.9,10.704,9.318
CUN → AUS,116.72,119.7,3,2793.0,4752.4,23.929,40.716
SEA → KEF,114.54,240.1,0,2614.5,1236.2,22.826,10.793
MBJ → EWR,113.7,131.9,0,2933.3,3305.0,25.798,29.067
IAH → YYC,113.56,145.4,4,1005.1,1629.1,8.851,14.346
ATL → JNB,111.66,53.9,2,1132.3,4369.0,10.141,39.13
DFW → SJO,110.93,93.5,1,1506.4,5009.0,13.579,45.154
LHR → DFW,110.74,143.5,1,3643.0,3648.8,32.897,32.95
SEA → ICN,109.84,130.7,2,3109.4,5742.9,28.309,52.284
GRU → ATL,109.17,113.1,2,4162.4,4835.9,38.127,44.296
ATL → SJD,104.55,104.7,2,4126.9,5040.2,39.473,48.209
IAH → SAL,104.3,113.7,0,-,-,,
ZRH → ORD,103.57,109.3,4,1735.8,2711.7,16.76,26.184
SAL → IAH,101.66,116.3,0,-,-,,
LAX → AMS,101.47,99.3,0,2105.0,5651.7,20.745,55.699
SJD → ATL,98.33,104.4,2,2826.7,4831.5,28.746,49.134
LAX → ZRH,97.74,90.5,3,953.8,1280.2,9.758,13.098
SAL → SFO,97.15,80.3,2,1383.5,1442.4,14.241,14.847
TLV → LAX,96.76,77.3,2,978.4,1010.4,10.111,10.442
AMS → LAX,94.89,88.6,1,2221.0,3952.5,23.405,41.652
ZRH → LAX,92.53,54.1,4,1204.3,4213.5,13.016,45.537
DFW → MEX,89.4,48.1,1,4337.0,6584.7,48.515,73.658
SAL → JFK,88.99,62.6,5,4004.4,5263.5,45.0,59.149
FRA → IAH,88.1,120.1,3,2334.7,6126.7,26.499,69.539
SFO → ZRH,87.42,98.8,3,1131.6,3014.2,12.944,34.48
ZRH → EWR,86.3,104.5,3,2983.9,3742.1,34.578,43.363
DUB → JFK,86.26,66.6,3,3401.4,7149.7,39.431,82.882
SJO → DFW,86.15,96.6,1,1647.2,4409.6,19.119,51.183
CMN → JFK,85.12,154.1,5,405.3,1182.1,4.761,13.887
PDL → BOS,85.08,108.0,0,879.6,998.3,10.339,11.734
MAD → ORD,82.96,143.3,4,2298.1,4164.2,27.703,50.198
NAS → ATL,80.88,80.8,2,2558.9,5113.5,31.64,63.226
ARN → EWR,79.97,102.5,1,850.6,3243.1,10.637,40.556
DFW → GUA,78.56,125.1,2,1346.8,4051.7,17.142,51.571
CLT → CUN,75.63,71.9,4,3154.2,11124.9,41.707,147.1
JNB → ATL,74.91,120.8,1,1250.9,1673.4,16.698,22.338
JFK → DUB,72.2,75.2,1,2816.7,9008.2,39.013,124.768
ORD → MAD,70.75,120.6,4,2206.1,3694.3,31.183,52.219
PHX → YYC,69.31,118.9,1,1776.8,2080.0,25.634,30.008
GDL → PHX,67.71,59.7,1,963.9,1452.0,14.236,21.444
MIA → CTG,66.11,179.9,0,4184.4,8144.7,63.299,123.207
YYC → LAS,65.75,174.5,2,1594.9,2028.9,24.257,30.856
MAD → MIA,65.45,100.5,0,-,-,,
CUN → CLT,64.36,69.7,3,3381.9,14153.2,52.547,219.908
PUJ → JFK,64.03,203.6,6,2922.2,2554.7,45.636,39.897
CDG → LAX,63.16,94.3,2,2677.8,5570.3,42.4,88.2
LHR → JFK,63.0,154.7,0,-,-,,
JFK → TAS,60.71,102.4,1,738.1,771.2,12.157,12.703
SJD → LAX,59.88,151.2,1,2358.5,2761.7,39.388,46.121
CLO → MIA,59.76,98.0,2,791.4,4110.1,13.243,68.776
BOS → DUB,59.57,90.7,1,769.0,9733.4,12.909,163.393
YYC → JFK,59.05,127.8,1,1568.3,1316.1,26.561,22.29
TAS → JFK,57.83,115.5,1,489.2,517.5,8.459,8.949
CTG → MIA,57.16,195.8,0,2935.1,5185.4,51.348,90.716
MIA → MAD,56.54,91.0,0,-,-,,
JFK → GDL,54.36,78.3,2,538.9,1273.3,9.913,23.422
YUL → FLL,53.42,114.4,2,1458.7,2363.8,27.308,44.253
DFW → LHR,53.29,223.5,0,-,-,,
JFK → BGI,53.12,244.9,3,1489.8,2650.7,28.048,49.903
CDG → MIA,52.59,76.5,2,15464.6,12305.0,294.072,233.989
ATL → GUA,52.57,47.2,0,756.9,797.3,14.399,15.166
FLL → YUL,52.42,113.3,1,1564.0,1212.3,29.834,23.126
MAD → EWR,52.14,138.4,5,1872.2,1782.0,35.908,34.178
PDX → GDL,50.57,80.5,2,785.9,1057.0,15.54,20.901
LHR → MCO,50.01,146.0,1,2072.4,4469.6,41.441,89.379
BRU → JFK,48.39,99.1,3,645.7,1510.7,13.342,31.218
DFW → LIR,47.55,109.6,3,1153.2,3308.3,24.25,69.571
JFK → MEX,47.54,83.0,0,-,-,,
MCO → YYC,46.3,132.5,0,574.4,566.2,12.406,12.229
BGI → JFK,46.07,246.3,2,1421.1,1992.2,30.843,43.238
MEX → JFK,44.94,85.7,0,-,-,,
ATL → FRA,44.39,82.0,3,534.8,4416.4,12.049,99.502
GDL → JFK,44.16,86.4,1,1094.1,1405.6,24.776,31.83
MCO → MAN,44.15,157.9,2,809.3,805.4,18.332,18.244
FRA → ATL,44.11,85.9,1,649.1,4233.9,14.714,95.981
CDG → IAD,43.73,82.5,0,2156.5,4457.7,49.319,101.947
MUC → SFO,43.64,74.5,2,543.1,661.0,12.445,15.145
EWR → MAD,43.5,123.7,5,1639.1,2118.0,37.676,48.684
MEX → DFW,43.37,41.7,0,6205.7,8765.1,143.08,202.092
SFO → MUC,43.22,103.7,0,834.8,2959.3,19.315,68.474
MIA → CDG,42.8,89.4,3,8821.4,14607.8,206.112,341.31
JFK → CTG,41.8,52.8,0,798.4,2030.7,19.101,48.584
GEO → MIA,41.53,115.7,2,1615.2,1548.9,38.893,37.298
AGU → MDW,41.38,47.4,1,958.6,222.0,23.166,5.364
IAD → CDG,40.78,68.1,0,1844.1,8343.1,45.217,204.569
GND → JFK,40.25,305.1,1,1082.7,1187.3,26.901,29.501
JFK → GND,40.11,283.2,1,1085.0,1286.5,27.051,32.074
LIR → DFW,40.01,108.0,0,938.7,2814.8,23.458,70.343
TPA → LGW,39.76,126.8,4,803.1,2936.2,20.199,73.846
KEF → BOS,38.87,67.8,0,988.8,3133.0,25.439,80.602
SJC → GDL,38.81,95.4,1,5469.3,6158.4,140.923,158.678
YYZ → MCO,38.45,78.4,0,-,-,,
MCO → LHR,38.42,166.0,1,1891.5,4692.5,49.235,122.148
JFK → BRU,38.03,92.8,3,496.0,3061.8,13.043,80.513
YYC → ATL,36.19,112.8,0,-,-,,
OAK → MLM,35.97,86.7,2,521.9,967.6,14.511,26.902
YYZ → FLL,35.46,170.3,1,4674.9,4874.3,131.822,137.443
UVF → JFK,34.95,183.1,2,3528.0,1537.2,100.955,43.988
SEA → GDL,33.89,57.6,4,461.4,1418.1,13.615,41.84
CTG → JFK,33.61,56.3,0,843.5,1610.1,25.094,47.898
BOS → KEF,33.33,68.9,0,873.8,4195.8,26.214,125.87
JFK → LHR,33.18,147.4,2,-,-,,
DEN → FRA,32.91,58.8,4,488.2,1227.1,14.836,37.292
BZE → DFW,32.88,119.6,3,534.1,1251.5,16.242,38.061
SAL → ONT,32.72,67.6,3,832.9,943.2,25.455,28.826
YYC → PHX,32.58,104.9,0,-,-,,
BEG → JFK,32.05,189.9,0,346.3,827.5,10.805,25.818
AMM → JFK,31.94,163.4,5,1246.5,1695.5,39.022,53.077
DUB → MCO,31.6,81.8,2,1053.6,1046.9,33.339,33.125
LAX → OAX,31.37,83.5,3,256.1,278.7,8.161,8.884
MCO → YYZ,31.32,145.0,2,-,-,,
LIM → MIA,30.9,105.8,4,-,-,,
MCO → MBJ,29.76,127.6,0,753.4,1775.0,25.321,59.654
EWR → JNB,29.71,63.3,3,1186.9,3297.5,39.944,110.973
FLL → MDE,29.27,83.4,4,-,-,,
GDL → PDX,29.19,86.9,2,885.0,931.6,30.315,31.911
LAX → MLM,28.43,62.9,3,623.0,803.7,21.91,28.267
AMM → ORD,28.38,99.2,5,1052.3,1289.6,37.082,45.444
JFK → AMS,27.34,179.1,0,-,-,,
IAD → LOS,26.67,148.8,5,521.8,488.3,19.566,18.308
MDE → FLL,26.13,84.5,4,-,-,,
AUA → PHL,25.97,165.0,1,1033.6,1350.3,39.804,52.002
LAX → AGU,25.88,62.5,1,346.4,326.4,13.385,12.613
MLM → OAK,25.82,99.0,1,516.7,850.1,20.011,32.926
MBJ → MCO,25.72,107.0,0,794.6,1587.5,30.888,61.71
EWR → ZRH,25.04,122.3,6,-,-,,
MCO → DUB,24.96,77.1,3,809.5,1635.4,32.434,65.522
JFK → AMM,24.36,158.4,2,569.4,1303.3,23.373,53.495
MSP → CUN,23.56,211.0,2,1755.5,2656.9,74.502,112.755
TLV → MIA,23.09,65.9,1,664.0,2311.3,28.753,100.089
CZM → IAH,22.86,110.3,5,1018.8,1685.7,44.564,73.732
AGU → LAX,22.85,58.3,0,367.6,277.2,16.084,12.129
FLL → PUJ,22.57,175.7,7,-,-,,
MLM → LAX,22.33,70.9,5,546.4,743.2,24.466,33.278
ORD → AMM,22.14,102.0,3,701.9,798.7,31.707,36.079
PUJ → FLL,21.74,180.2,10,-,-,,
FAT → MLM,21.66,78.3,1,355.3,532.6,16.403,24.591
MIA → TLV,21.34,71.5,3,729.4,1645.3,34.182,77.1
LAX → CDG,20.97,167.2,0,-,-,,
AMS → JFK,20.72,168.7,0,-,-,,
SJC → MLM,20.6,54.7,1,219.8,227.4,10.67,11.038
DFW → GDL,20.52,77.8,0,2026.5,1912.7,98.761,93.216
LGW → TPA,20.14,144.8,3,645.0,2294.8,32.02,113.929
FLL → YYZ,19.41,111.1,0,-,-,,
JFK → BEG,19.26,173.7,1,553.5,527.1,28.739,27.365
BOG → FLL,18.96,156.9,0,-,-,,
FLL → BOG,18.74,189.3,0,-,-,,
DUB → EWR,18.65,53.7,1,324.0,1769.9,17.372,94.9
SMF → GDL,18.64,54.1,1,1609.5,6429.0,86.337,344.869
IAH → FRA,17.78,50.7,3,292.5,1301.7,16.451,73.207
LAX → PVR,17.58,147.5,1,643.5,2306.1,36.615,131.209
EWR → GVA,17.52,54.2,3,897.6,2643.0,51.249,150.893
CAI → IAD,17.46,90.8,2,491.0,1297.8,28.125,74.337
ATL → SXM,17.3,56.8,0,504.8,2147.9,29.174,124.13
LHR → LAS,16.19,83.1,2,647.9,911.8,40.015,56.311
HNL → SYD,16.15,83.9,1,485.5,2243.0,30.067,138.91
IST → MIA,16.05,100.4,0,-,-,,
DGO → MDW,15.98,62.8,2,341.3,311.9,21.36,19.521
GUA → ATL,15.96,120.0,5,991.8,920.6,62.157,57.698
SMF → BJX,15.75,72.0,1,337.3,316.5,21.417,20.099
MDW → DGO,15.5,42.9,1,418.7,411.1,27.01,26.522
BJX → ORD,14.95,90.0,4,335.8,511.6,22.461,34.22
MIA → SDQ,14.4,104.4,0,-,-,,
SXM → ATL,14.14,61.7,0,487.3,1944.4,34.476,137.555
MLM → SJC,13.17,76.0,1,220.4,275.4,16.739,20.913
PVR → LAX,12.55,119.0,2,511.5,596.4,40.771,47.537
IAD → CAI,11.85,85.9,1,348.8,991.2,29.445,83.679
LAX → PPT,11.73,107.9,0,1019.9,5785.9,86.946,493.253
LAX → BJX,11.5,54.9,3,660.8,467.8,57.46,40.671
ORD → BJX,11.44,59.4,1,219.4,266.0,19.171,23.243
BJX → SMF,11.1,80.9,2,337.8,391.4,30.433,35.263
WAW → ORD,11.09,239.7,0,-,-,,
SYD → HNL,10.99,52.8,2,683.0,2510.8,62.171,228.546
DEN → GDL,10.89,110.9,0,-,-,,
MLM → FAT,9.99,105.1,4,331.1,379.3,33.144,37.97
CUN → MSP,9.78,208.3,2,2242.3,2481.6,229.342,253.821
LAX → LIM,9.65,318.7,2,3376.6,2567.3,350.037,266.14
GDL → DEN,8.85,123.4,0,-,-,,
GDL → CLT,8.77,85.5,1,298.2,279.8,34.008,31.916
GYE → JFK,8.75,64.3,1,3013.9,4601.0,344.537,525.973
SDQ → MIA,8.47,100.0,0,-,-,,
MIA → LIR,8.37,120.4,0,2680.3,7156.6,320.138,854.79
SEA → PVR,8.09,206.1,2,758.0,1626.3,93.681,200.991
FLL → SJO,7.57,76.0,1,-,-,,
BJX → OAK,7.13,148.9,0,-,-,,
GEO → JFK,6.79,24.2,1,-,-,,
MAD → BOS,6.3,180.3,5,1322.4,2086.8,209.883,331.21
BOS → AUA,5.92,99.5,4,1585.3,2019.6,267.905,341.307
MIA → IST,5.45,109.1,0,-,-,,
MCO → GDL,4.9,146.2,0,987.4,3023.0,201.44,616.746
BJX → LAX,4.38,59.8,0,609.6,630.2,139.067,143.75
GDL → MCO,4.27,123.5,0,1081.3,2284.3,253.266,535.053
CDG → JFK,4.24,127.5,0,-,-,,
SJO → FLL,4.23,77.8,0,-,-,,
GDL → SJC,4.08,149.7,0,-,-,,
GDL → SMF,3.98,62.2,0,1357.8,4623.8,340.938,1160.993
YYZ → LAX,3.84,222.2,0,4021.0,5782.9,1046.498,1505.037
MIA → MEX,3.67,136.1,0,-,-,,
MIA → LIM,3.64,179.4,0,-,-,,
GRU → MIA,3.58,178.3,0,-,-,,
LAX → MEX,3.41,193.9,0,-,-,,
JFK → CDG,3.32,129.7,0,-,-,,
GDL → SEA,3.14,70.0,1,513.9,848.3,163.91,270.564
AUA → BOS,2.93,104.0,3,1493.4,2440.6,509.162,832.102
PTY → IAH,2.72,126.6,1,2645.0,4305.2,973.745,1584.928
FRA → DEN,2.57,113.2,5,1192.5,1726.8,464.886,673.17
LAX → YYZ,2.38,248.1,0,4530.8,4748.2,1902.221,1993.471
LAX → LHR,1.82,60.2,0,-,-,,
LHR → LAX,1.73,65.9,0,-,-,,
MEX → LAX,1.42,217.2,0,-,-,,
AXM → FLL,0.31,84.1,1,925.4,887.8,2949.169,2829.354
JNB → EWR,-0.15,129.1,4,2421.6,5130.7,-16418.929,-34786.638
LOS → IAD,-0.29,154.5,4,1074.5,950.8,-3722.317,-3293.522
PVR → SEA,-0.46,243.6,2,1079.9,1086.8,-2372.224,-2387.35
MIA → GDL,-0.57,74.2,2,543.4,465.4,-952.925,-816.082
GDL → MIA,-0.71,68.9,3,540.9,444.6,-761.354,-625.766
GDL → DFW,-0.9,63.4,2,2745.8,1685.9,-3060.079,-1878.91
FAT → GDL,-1.3,150.8,0,-,-,,
EWR → WAW,-1.87,117.9,4,790.6,943.0,-421.753,-503.026
LOS → ATL,-2.12,96.4,2,452.9,978.9,-213.175,-460.774
GIG → IAH,-2.43,39.7,1,246.4,1426.5,-101.276,-586.244
JFK → LIM,-2.56,260.5,0,5528.8,2162.6,-2157.336,-843.832
MEX → MIA,-2.57,117.1,0,-,-,,
BOS → MAD,-3.63,142.7,3,1223.4,1665.7,-336.658,-458.378
PPT → LAX,-4.61,85.8,2,1950.4,4422.7,-422.689,-958.511
BAQ → FLL,-6.46,362.0,3,1429.3,1703.0,-221.374,-263.758
MIA → GRU,-7.17,178.7,0,-,-,,
JFK → MAN,-8.12,93.8,2,2488.1,4749.0,-306.587,-585.18
GDL → FAT,-9.62,146.3,0,-,-,,
ORD → IST,-10.46,55.3,4,466.7,5977.6,-44.633,-571.713
IAD → ACC,-10.63,146.1,0,1909.2,4150.3,-179.64,-390.522
HEL → LAX,-10.81,97.5,0,384.0,832.6,-35.514,-76.992
ATL → SDQ,-11.22,155.8,2,1642.1,4316.6,-146.407,-384.871
MAN → JFK,-11.39,100.8,1,2583.9,4785.0,-226.818,-420.03
DFW → SAL,-11.68,87.8,2,1036.2,1632.7,-88.718,-139.792
MAD → JFK,-11.79,150.2,1,-,-,,
IAH → LIM,-13.22,69.2,7,748.3,2236.1,-56.614,-169.179
WAW → EWR,-13.47,132.3,3,954.3,1362.0,-70.845,-101.114
MIA → WAW,-13.51,108.9,1,482.2,274.5,-35.689,-20.319
MIA → MBJ,-14.3,131.5,5,2587.9,7862.6,-180.942,-549.73
JFK → STI,-14.38,122.7,0,-,-,,
SDQ → ATL,-15.37,146.8,3,1795.1,4203.8,-116.816,-273.561
JFK → MAD,-15.49,150.1,2,-,-,,
IAH → GIG,-15.55,100.0,6,1116.7,4801.9,-71.802,-308.756
GDL → ORD,-15.56,148.3,0,554.3,762.7,-35.624,-49.018
GDL → LAX,-16.53,165.1,1,-,-,,
LAX → GDL,-17.55,154.3,2,-,-,,
PVR → SFO,-18.73,135.5,2,1483.4,1703.7,-79.22,-90.985
WAW → MIA,-19.6,122.3,2,518.5,344.3,-26.456,-17.566
IST → ORD,-20.26,42.0,13,562.9,1266.4,-27.781,-62.497
GYE → MIA,-20.44,98.3,0,1814.2,6783.4,-88.755,-331.863
SAL → DFW,-20.59,93.9,2,679.0,1967.7,-32.985,-95.581
PVR → HOU,-22.13,97.3,2,1241.2,2335.8,-56.092,-105.561
JFK → IST,-23.65,151.8,1,5588.1,2781.6,-236.271,-117.609
IST → LAX,-23.94,87.2,1,1841.5,10200.5,-76.93,-426.145
PUJ → MIA,-24.04,155.5,0,5807.3,8047.6,-241.565,-334.754
MIA → CUN,-25.17,207.8,0,-,-,,
SEA → SJD,-25.59,95.4,2,962.3,5314.1,-37.612,-207.696
BZE → IAH,-25.9,101.6,1,1693.9,2918.6,-65.408,-112.693
MIA → PUJ,-26.11,159.7,0,5322.7,12045.5,-203.889,-461.407
PVR → DEN,-26.83,147.8,3,791.5,1450.1,-29.5,-54.047
ACC → IAD,-26.96,128.9,1,1780.3,3411.2,-66.046,-126.547
SJD → SEA,-27.46,123.8,3,1106.4,2626.2,-40.295,-95.641
IST → JFK,-28.03,157.7,1,7208.9,5142.9,-257.185,-183.479
CAI → JFK,-28.71,65.2,1,842.8,2393.3,-29.353,-83.351
ORD → GDL,-29.09,97.8,5,2957.2,6967.5,-101.662,-239.532
JFK → CAI,-29.42,45.5,0,1255.2,5337.6,-42.66,-181.41
CUN → MIA,-30.31,198.7,0,-,-,,
LAX → GUA,-32.37,82.9,3,450.6,1895.6,-13.922,-58.566
GUA → LAX,-32.94,67.9,0,420.2,2459.4,-12.757,-74.674
LAX → CUN,-35.71,136.8,0,3580.7,4399.1,-100.261,-123.18
LIM → IAH,-36.15,102.3,4,1558.1,6533.6,-43.095,-180.711
LIM → JFK,-39.49,380.5,2,983.1,4599.0,-24.894,-116.451
PHL → CUN,-41.88,177.2,2,5953.9,7053.7,-142.18,-168.442
SDQ → EWR,-46.22,131.5,0,-,-,,
PHX → PVR,-47.41,109.9,0,1268.7,2556.6,-26.761,-53.929
SJD → PHX,-47.53,82.9,3,1876.3,3450.2,-39.473,-72.586
CUN → PHL,-47.81,171.3,2,7409.5,-,-154.971,
LAX → IST,-49.64,87.6,1,3311.5,8374.6,-66.715,-168.719
JFK → WAW,-51.76,221.9,1,1111.6,2920.8,-21.473,-56.426
SAN → SJD,-51.97,173.3,1,991.0,3453.8,-19.069,-66.461
KIN → MIA,-53.68,74.5,0,3571.0,5552.6,-66.529,-103.448
CUN → ORD,-56.57,43.2,3,-,-,,
ORD → PUJ,-57.16,125.3,2,1031.4,1649.9,-18.044,-28.864
LAS → GDL,-58.67,137.0,2,2183.0,1165.9,-37.206,-19.871
PVR → IAH,-60.58,105.6,2,2561.7,3993.4,-42.285,-65.919
CDG → SFO,-60.95,139.4,2,3690.7,7910.8,-60.557,-129.801
SJD → SAN,-63.58,86.0,2,1206.4,2163.9,-18.974,-34.034
DTW → CUN,-64.21,164.6,0,4011.3,3263.5,-62.471,-50.825
LIM → LAX,-64.38,324.0,1,4309.9,4180.2,-66.946,-64.932
PUJ → ORD,-67.77,121.8,1,1344.0,1711.1,-19.832,-25.25
MBJ → BWI,-70.58,178.2,1,2561.3,3567.0,-36.29,-50.541
WAW → JFK,-71.37,203.4,0,3479.6,3164.2,-48.755,-44.335
ORD → CUN,-72.18,75.2,2,-,-,,
MSP → AMS,-72.93,280.6,1,33926.7,57868.8,-465.22,-793.528
FLL → CUN,-74.26,126.9,1,2017.8,5655.0,-27.173,-76.153
EWR → PUJ,-74.95,105.4,3,3580.4,4254.7,-47.768,-56.764
PUJ → EWR,-75.4,65.2,0,3748.6,6414.1,-49.719,-85.072
IST → IAH,-76.35,114.0,2,4006.1,10411.1,-52.472,-136.367
STI → JFK,-77.0,137.3,3,4711.1,6264.8,-61.18,-81.356
CUN → DTW,-77.03,141.0,0,3956.8,3133.4,-51.366,-40.678
GDL → LAS,-78.95,142.1,1,1792.4,1168.8,-22.703,-14.805
GUA → IAH,-79.38,128.3,2,7095.5,8638.0,-89.387,-108.819
MIA → UIO,-83.76,91.2,0,1568.6,10945.9,-18.726,-130.675
IAH → IST,-84.66,111.2,2,2935.4,11479.6,-34.672,-135.594
BOS → SDQ,-89.09,188.4,0,2679.1,2631.6,-30.07,-29.538
CUN → FLL,-89.11,140.5,0,1565.6,3563.3,-17.57,-39.99
DFW → CUN,-90.12,68.8,0,4160.7,28416.7,-46.17,-315.33
IST → BOS,-90.45,156.6,2,6281.1,7553.1,-69.439,-83.501
SDQ → BOS,-97.83,204.4,1,2821.0,3499.0,-28.835,-35.765
CUN → JFK,-98.18,106.3,3,5483.1,10762.3,-55.849,-109.62
JFK → CUN,-98.87,96.4,5,6529.4,11335.0,-66.041,-114.648
FCO → JFK,-99.19,121.5,2,5107.4,10074.2,-51.492,-101.566
MIA → GUA,-99.84,101.5,1,3342.6,9965.1,-33.48,-99.812
AUA → EWR,-116.3,134.5,1,6601.0,8208.6,-56.757,-70.58
CUN → DFW,-117.04,67.4,0,4568.2,28246.7,-39.032,-241.348
CUN → EWR,-127.11,146.1,0,13003.4,5877.3,-102.297,-46.236
MIA → AUA,-128.37,153.1,4,4162.2,8721.9,-32.424,-67.945
AUA → MIA,-136.21,147.2,6,4226.9,8721.8,-31.033,-64.033
GUA → MIA,-136.83,97.8,0,3483.2,10404.3,-25.457,-76.039
OAK → GDL,-148.4,159.1,1,4902.6,4307.8,-33.036,-29.028
CUN → BWI,-155.38,135.9,1,6496.0,10932.8,-41.807,-70.361
CUN → IAD,-161.82,102.4,1,3050.7,13208.4,-18.852,-81.623
GDL → OAK,-171.02,102.7,0,3746.6,5733.0,-21.907,-33.523
SAL → MIA,-173.18,122.7,3,5779.1,9469.7,-33.37,-54.681
EWR → SDQ,-174.18,99.6,2,12938.3,13724.9,-74.281,-78.797
DEN → CUN,-179.49,118.6,4,6684.6,13773.2,-37.241,-76.734
SFO → CUN,-191.62,171.3,0,2286.2,24300.2,-11.931,-126.812
EWR → CUN,-240.59,132.0,0,7830.8,31512.8,-32.547,-130.979
CUN → DEN,-258.84,154.2,4,8587.3,15041.4,-33.176,-58.11
SFO → MEX,-264.41,151.5,1,23712.7,5770.0,-89.683,-21.823
MEX → SFO,-270.55,156.4,1,5127.8,3661.8,-18.953,-13.535
CUN → SFO,-293.49,206.9,0,4866.3,13860.5,-16.581,-47.227
CUN → IAH,-294.04,67.0,0,3978.4,4617.5,-13.53,-15.703
EWR → STI,-298.86,129.3,1,13213.5,17542.6,-44.213,-58.698
STI → EWR,-308.3,118.0,1,10324.9,15289.9,-33.489,-49.594
SJO → IAH,-317.41,149.3,6,5017.5,3796.6,-15.808,-11.961
IAH → CUN,-334.89,83.5,3,9272.5,4984.9,-27.688,-14.885
SDQ → JFK,-379.79,227.7,3,5268.9,14253.4,-13.873,-37.529
JFK → SDQ,-384.96,262.7,1,5531.9,14567.6,-14.37,-37.842
